<cruisecontrol>
   <project name="helloworld">
      <bootstrappers>
         <currentbuildstatusbootstrapper file="currentbuild.txt" />
         <p4bootstrapper path="//depot/mycruise/build.xml" p4Port="HOST:1666" p4User="USER" p4Client="CLIENT"/>
      </bootstrappers>
      <modificationset quietperiod="30" >
         <p4 port="PORT" user="USER" client="CLIENT" view="VIEW" />
      </modificationset>
      <schedule interval="30" >
         <ant buildfile="build.xml" target="cleanbuild" multiple="5" />
         <ant buildfile="build.xml" target="masterbuild" multiple="1" />
      </schedule>
      <log dir="logs">
         <merge dir="test-results"/>
      </log>  
      <publishers>
         <currentbuildstatuspublisher file="currentbuild.txt" />
         <email mailhost="REPLACE WITH MAILHOST" returnaddress="REPLACE WITH RETURN EMAIL ADDRESS" defaultsuffix="" buildresultsurl="http://localhost:8080/cruisecontrol/buildresults">
            <always address="REPLACE WITH BUILD MASTER EMAIL ADDRESS" />
            <failure address="REPLACE WITH FAILURE EMAIL ADDRESS" />
         </email>
      </publishers>
   </project>
</cruisecontrol>
