<?xml version="1.0" encoding="UTF-8"?>
<jnlp-versions>
  
	<resource>
     <pattern>
         <name>ant.jar</name>
            <version-id>1</version-id>
         </pattern>
         <file>ant.jar</file>
  </resource>
  
  <resource>
     <pattern>
         <name>arch4j.jar</name>
            <version-id>1</version-id>
         </pattern>
         <file>arch4j.jar</file>
  </resource>
  <resource>
     <pattern>
         <name>arch4j-ui.jar</name>
            <version-id>1</version-id>
         </pattern>
         <file>arch4j-ui.jar</file>
  </resource>
  <resource>
     <pattern>
         <name>cruisecontrol.jar</name>
            <version-id>1</version-id>
         </pattern>
         <file>cruisecontrol.jar</file>
  </resource>
  <resource>
     <pattern>
         <name>jakarta-oro-2.0.3.jar</name>
            <version-id>1</version-id>
         </pattern>
         <file>jakarta-oro-2.0.3.jar</file>
  </resource>
  <resource>
     <pattern>
         <name>jdom.jar</name>
            <version-id>1</version-id>
         </pattern>
         <file>jdom.jar</file>
  </resource>
  <resource>
     <pattern>
         <name>kunststoff.jar</name>
            <version-id>1</version-id>
         </pattern>
         <file>kunststoff.jar</file>
  </resource>
  <resource>
     <pattern>
         <name>log4j.jar</name>
            <version-id>1</version-id>
         </pattern>
         <file>log4j.jar</file>
  </resource>
  <resource>
     <pattern>
         <name>mail.jar</name>
            <version-id>1</version-id>
         </pattern>
         <file>mail.jar</file>
  </resource>
  <resource>
     <pattern>
         <name>Piccolo.jar</name>
            <version-id>1</version-id>
         </pattern>
         <file>Piccolo.jar</file>
  </resource>
  <resource>
     <pattern>
         <name>xercesImpl.jar</name>
            <version-id>1</version-id>
         </pattern>
         <file>xercesImpl.jar</file>
  </resource>
  <resource>
     <pattern>
         <name>xml-apis.jar</name>
            <version-id>1</version-id>
         </pattern>
         <file>xml-apis.jar</file>
  </resource>

</jnlp-versions>