<?xml version="1.0" encoding="UTF-8"?>
<!--****************************************************************************
 * CruiseControl, a Continuous Integration Toolkit
 * Copyright (c) 2001, ThoughtWorks, Inc.
 * 651 W Washington Ave. Suite 600
 * Chicago, IL 60661 USA
 * All rights reserved.
 *
 * Redistribution and use in source and binary forms, with or without
 * modification, are permitted provided that the following conditions
 * are met:
 *
 *     + Redistributions of source code must retain the above copyright
 *       notice, this list of conditions and the following disclaimer.
 *
 *     + Redistributions in binary form must reproduce the above
 *       copyright notice, this list of conditions and the following
 *       disclaimer in the documentation and/or other materials provided
 *       with the distribution.
 *
 *     + Neither the name of ThoughtWorks, Inc., CruiseControl, nor the
 *       names of its contributors may be used to endorse or promote
 *       products derived from this software without specific prior
 *       written permission.
 *
 * THIS SOFTWARE IS PROVIDED BY THE COPYRIGHT HOLDERS AND CONTRIBUTORS
 * "AS IS" AND ANY EXPRESS OR IMPLIED WARRANTIES, INCLUDING, BUT NOT
 * LIMITED TO, THE IMPLIED WARRANTIES OF MERCHANTABILITY AND FITNESS FOR
 * A PARTICULAR PURPOSE ARE DISCLAIMED. IN NO EVENT SHALL THE REGENTS OR
 * CONTRIBUTORS BE LIABLE FOR ANY DIRECT, INDIRECT, INCIDENTAL, SPECIAL,
 * EXEMPLARY, OR CONSEQUENTIAL DAMAGES (INCLUDING, BUT NOT LIMITED TO,
 * PROCUREMENT OF SUBSTITUTE GOODS OR SERVICES; LOSS OF USE, DATA, OR
 * PROFITS; OR BUSINESS INTERRUPTION) HOWEVER CAUSED AND ON ANY THEORY OF
 * LIABILITY, WHETHER IN CONTRACT, STRICT LIABILITY, OR TORT (INCLUDING
 * NEGLIGENCE OR OTHERWISE) ARISING IN ANY WAY OUT OF THE USE OF THIS
 * SOFTWARE, EVEN IF ADVISED OF THE POSSIBILITY OF SUCH DAMAGE.
 ****************************************************************************-->
<project>
  <pomVersion>3</pomVersion>
  <id>cruisecontrol-parent</id>
  <!--groupId></groupId-->
  <name>CruiseControl</name>
  <currentVersion>2.2.2-dev</currentVersion>
  <!--organization>
    <name></name>
    <url></url>
    <logo></logo>
  </organization-->
  <inceptionYear>2001</inceptionYear>
  <package>net.sourceforge.cruisecontrol</package>
  <logo>/images/logo.png</logo>

  <description>
    <![CDATA[
     <p> CruiseControl is a framework for a continuous build process. It includes,
     but is not limited to, plugins for email notification, Ant, and various source
     control tools. A web interface is provided to view the details of the current
     and previous builds. </p>
      ]]>
  </description>
  <shortDescription>A framework for a continuous build process</shortDescription>
  <url>http://cruisecontrol.sourceforge.net/</url>
  <issueTrackingUrl>http://jira.public.thoughtworks.org/browse/CC</issueTrackingUrl>
<!--
  <siteAddress/>
  <siteDirectory/>
  <distributionSite/>
  <distributionDirectory/>

  <repository/>
-->

  <!--developers>
    <developer>
      <name></name>
      <id></id>
      <email></email>
      <organization/>
      <roles>
        <role></role>
      </roles>
      <timezone></timezone>
    </developer>
  </developers-->

  <dependencies>
  </dependencies>

  <build>
    <!--sourceDirectory>src/java</sourceDirectory-->
    <!--unitTestSourceDirectory>src/test</unitTestSourceDirectory-->
    <!--aspectSourceDirectory></aspectSourceDirectory-->
    <defaultGoal>cc:dist</defaultGoal>

    <!--unitTest>
      <includes>
        <include>**/*Test*.java</include>
      </includes>
    </unitTest>
    <resources></resources-->
    <!--jars></jars-->
  </build>

  <reports>
    <report>maven-license-plugin</report>
  </reports>
</project>
