<?xml version="1.0"?>
<!--****************************************************************************
 * CruiseControl, a Continuous Integration Toolkit
 * Copyright (c) 2001, ThoughtWorks, Inc.
 * 651 W Washington Ave. Suite 600
 * Chicago, IL 60661 USA
 * All rights reserved.
 *
 * Redistribution and use in source and binary forms, with or without
 * modification, are permitted provided that the following conditions
 * are met:
 *
 *     + Redistributions of source code must retain the above copyright
 *       notice, this list of conditions and the following disclaimer.
 *
 *     + Redistributions in binary form must reproduce the above
 *       copyright notice, this list of conditions and the following
 *       disclaimer in the documentation and/or other materials provided
 *       with the distribution.
 *
 *     + Neither the name of ThoughtWorks, Inc., CruiseControl, nor the
 *       names of its contributors may be used to endorse or promote
 *       products derived from this software without specific prior
 *       written permission.
 *
 * THIS SOFTWARE IS PROVIDED BY THE COPYRIGHT HOLDERS AND CONTRIBUTORS
 * "AS IS" AND ANY EXPRESS OR IMPLIED WARRANTIES, INCLUDING, BUT NOT
 * LIMITED TO, THE IMPLIED WARRANTIES OF MERCHANTABILITY AND FITNESS FOR
 * A PARTICULAR PURPOSE ARE DISCLAIMED. IN NO EVENT SHALL THE REGENTS OR
 * CONTRIBUTORS BE LIABLE FOR ANY DIRECT, INDIRECT, INCIDENTAL, SPECIAL,
 * EXEMPLARY, OR CONSEQUENTIAL DAMAGES (INCLUDING, BUT NOT LIMITED TO,
 * PROCUREMENT OF SUBSTITUTE GOODS OR SERVICES; LOSS OF USE, DATA, OR
 * PROFITS; OR BUSINESS INTERRUPTION) HOWEVER CAUSED AND ON ANY THEORY OF
 * LIABILITY, WHETHER IN CONTRACT, STRICT LIABILITY, OR TORT (INCLUDING
 * NEGLIGENCE OR OTHERWISE) ARISING IN ANY WAY OUT OF THE USE OF THIS
 * SOFTWARE, EVEN IF ADVISED OF THE POSSIBILITY OF SUCH DAMAGE.
 ****************************************************************************-->

<!-- ====================================================================== 
     Dec 17, 2004 1:09:40 PM                                                        

     This Ant script contains only one target that starts the Jini registrar
     and HTTP class server. These must be running so build agents may
     register their availability to Cruise Control. See the README.txt in
     "contrib/distributed" for more information.
                   
     jramsdale                                                                
     ====================================================================== -->
<project name="cc-master" default="start-jini">
	
	<property file="conf/cruise.properties" />
	
	<target name="start-jini" description="Start the Jini HTTP class server, registrar, and other Jini services" >
		<echo message="Starting Jini HTTP ClassServer and Jini Services..." level="info"/>
		<java jar="lib/start.jar" fork="true" >
			<jvmarg value="-Djava.security.policy=conf/${jini.policy.file}" />
	        <jvmarg value="-Djini.lib=lib" />
	        <jvmarg value="-Djini.httpPort=${jini.port}" />
	        <jvmarg value="-Djini.codebaseURI=file://lib/cc-agent-dl.jar
				 file://lib/reggie-dl.jar
				 file://lib/fiddler-dl.jar
				 file://lib/mahalo-dl.jar
				 file://lib/mercury-dl.jar
				 file://lib/norm-dl.jar
				 file://lib/outrigger-dl.jar
				 file://lib/phoenix-dl.jar
				 file://lib/holowaa-dl.jar" />
	        <jvmarg value="-Djini.classpath=.;lib/cc-agent.jar;lib/reggie.jar;lib/fiddler.jar;lib/mahalo.jar;lib/mercury.jar;lib/norm.jar;lib/outrigger.jar;lib/phoenix.jar;lib/holowaa.jar" />
        	<arg value="conf/${jini.config}"/>
			<classpath>
				<pathelement path="conf"/>
				<fileset dir="lib">
					<include name="**/*.jar" />
				</fileset>
			</classpath>
        </java>
    </target>
	
	<target name="manual-build" description="Do a manual build" >
		<echo message="Starting InteractiveBuildUtility..." level="info" />
		<java classname="net.sourceforge.cruisecontrol.distributed.util.InteractiveBuildUtility" fork="true">
			<jvmarg value="-Djava.security.policy=conf/${jini.policy.file}" />
			<classpath>
				<pathelement path="conf"/>
				<fileset dir="lib">
					<include name="**/*.jar" />
				</fileset>
                <!-- hack to get InteractiveBuildUtility on path, maybe better solved via packaging change -->
				<fileset dir="../agent/lib">
					<include name="cc-agent.jar" />
				</fileset>
			</classpath>
		</java>
	</target>

	<target name="test-jini" description="Test that Jini is running and services are registered" >
		<echo message="Listing registered Jini services..." level="info" />
		<java classname="net.sourceforge.cruisecontrol.distributed.util.JiniLookUpUtility" fork="true">
			<jvmarg value="-Djava.security.policy=conf/${jini.policy.file}" />
			<classpath>
				<pathelement path="conf"/>
				<fileset dir="lib">
					<include name="**/*.jar" />
				</fileset>
                <!-- hack to get JiniLookUpUtility on path, maybe better solved via packaging change -->
				<fileset dir="../agent/lib">
					<include name="cc-agent.jar" />
				</fileset>
			</classpath>
		</java>
	</target>

</project>

